{
  "version": 1,
  "author": "Lucas Reis Diniz",
  "editor": "wokwi",
  "parts": [
    { "type": "board-esp32-devkit-c-v4", "id": "esp", "top": -76.8, "left": -52.76, "attrs": {} },
    {
      "type": "wokwi-led",
      "id": "led1",
      "top": -13.2,
      "left": 138.2,
      "attrs": { "color": "yellow" }
    },
    {
      "type": "wokwi-led",
      "id": "led2",
      "top": 130.8,
      "left": 138.2,
      "attrs": { "color": "cyan" }
    },
    {
      "type": "wokwi-led",
      "id": "led3",
      "top": 34.8,
      "left": 138.2,
      "attrs": { "color": "green" }
    },
    {
      "type": "wokwi-led",
      "id": "led4",
      "top": -61.2,
      "left": 138.2,
      "attrs": { "color": "red" }
    },
    {
      "type": "wokwi-resistor",
      "id": "r1",
      "top": -44.05,
      "left": 201.6,
      "attrs": { "value": "1000" }
    },
    {
      "type": "wokwi-resistor",
      "id": "r2",
      "top": 109.55,
      "left": 201.6,
      "attrs": { "value": "1000" }
    },
    {
      "type": "wokwi-resistor",
      "id": "r3",
      "top": 51.95,
      "left": 201.6,
      "attrs": { "value": "1000" }
    },
    {
      "type": "wokwi-resistor",
      "id": "r4",
      "top": 3.95,
      "left": 201.6,
      "attrs": { "value": "1000" }
    },
    { "type": "wokwi-vcc", "id": "vcc1", "top": -114.44, "left": 297.6, "attrs": {} },
    {
      "type": "wokwi-hc-sr04",
      "id": "ultrasonic1",
      "top": -84.9,
      "left": -244.1,
      "attrs": { "distance": "296" }
    },
    { "type": "wokwi-vcc", "id": "vcc2", "top": 39.16, "left": -211.2, "attrs": {} },
    { "type": "wokwi-gnd", "id": "gnd1", "top": 38.4, "left": -154.2, "attrs": {} },
    { "type": "wokwi-relay-module", "id": "relay1", "top": 134.6, "left": -220.8, "attrs": {} }
  ],
  "connections": [
    [ "esp:TX", "$serialMonitor:RX", "", [] ],
    [ "esp:RX", "$serialMonitor:TX", "", [] ],
    [ "r2:2", "r3:2", "green", [ "v0" ] ],
    [ "r3:2", "r4:2", "green", [ "v0" ] ],
    [ "r4:2", "r1:2", "green", [ "v0" ] ],
    [ "r1:2", "vcc1:VCC", "red", [ "v0" ] ],
    [ "ultrasonic1:VCC", "vcc2:VCC", "red", [ "v0" ] ],
    [ "ultrasonic1:GND", "gnd1:GND", "black", [ "v0" ] ],
    [ "esp:25", "ultrasonic1:ECHO", "green", [ "v-9.6", "h-104.65" ] ],
    [ "esp:26", "ultrasonic1:TRIG", "green", [ "h0" ] ],
    [ "esp:19", "led1:C", "green", [ "h0" ] ],
    [ "esp:18", "led4:C", "green", [ "h76.8", "v-48" ] ],
    [ "esp:17", "led3:C", "green", [ "h76.8", "v28.8" ] ],
    [ "led3:A", "r3:1", "green", [ "v0", "h38.4" ] ],
    [ "led1:A", "r4:1", "green", [ "v0", "h38.4" ] ],
    [ "led4:A", "r1:1", "green", [ "v0", "h38.4" ] ],
    [ "relay1:VCC", "vcc2:VCC", "red", [ "h-19.2", "v-86.4" ] ],
    [ "r2:1", "led2:A", "green", [ "v0" ] ],
    [ "led2:C", "relay1:NO", "green", [ "v0" ] ],
    [ "relay1:COM", "gnd1:GND", "black", [ "h30", "v-116.6", "h-67.2" ] ],
    [ "relay1:IN", "esp:27", "green", [ "h-9.6", "v38.2", "h163.2", "v-163.2" ] ]
  ],
  "dependencies": {}
}